<keyword> class </keyword>
<identifier> SquareGame </identifier>
<symbol> { </symbol>
<symbol> / </symbol>
<keyword> field </keyword>
<identifier> Square </identifier>
<identifier> square </identifier>
<symbol> ; </symbol>
<symbol> / </symbol>
<keyword> field </keyword>
<keyword> int </keyword>
<identifier> direction </identifier>
<symbol> ; </symbol>
<symbol> / </symbol>
<keyword> constructor </keyword>
<identifier> SquareGame </identifier>
<identifier> new </identifier>
<symbol> ( </symbol>
<symbol> ) </symbol>
<symbol> { </symbol>
<keyword> let </keyword>
<identifier> square </identifier>
<symbol> = </symbol>
<identifier> Square </identifier>
<symbol> . </symbol>
<identifier> new </identifier>
<symbol> ( </symbol>
<stringConstant> 0 </stringConstant>
<symbol> , </symbol>
<stringConstant> 0 </stringConstant>
<symbol> , </symbol>
<stringConstant> 30 </stringConstant>
<symbol> ) </symbol>
<symbol> ; </symbol>
<keyword> let </keyword>
<identifier> direction </identifier>
<symbol> = </symbol>
<stringConstant> 0 </stringConstant>
<symbol> ; </symbol>
<keyword> return </keyword>
<keyword> this </keyword>
<symbol> ; </symbol>
<symbol> } </symbol>
<keyword> method </keyword>
<keyword> void </keyword>
<identifier> dispose </identifier>
<symbol> ( </symbol>
<symbol> ) </symbol>
<symbol> { </symbol>
<keyword> do </keyword>
<identifier> square </identifier>
<symbol> . </symbol>
<identifier> dispose </identifier>
<symbol> ( </symbol>
<symbol> ) </symbol>
<symbol> ; </symbol>
<keyword> do </keyword>
<identifier> Memory </identifier>
<symbol> . </symbol>
<identifier> deAlloc </identifier>
<symbol> ( </symbol>
<keyword> this </keyword>
<symbol> ) </symbol>
<symbol> ; </symbol>
<keyword> return </keyword>
<symbol> ; </symbol>
<symbol> } </symbol>
<keyword> method </keyword>
<keyword> void </keyword>
<identifier> run </identifier>
<symbol> ( </symbol>
<symbol> ) </symbol>
<symbol> { </symbol>
<keyword> var </keyword>
<keyword> char </keyword>
<identifier> key </identifier>
<symbol> ; </symbol>
<keyword> var </keyword>
<keyword> boolean </keyword>
<identifier> exit </identifier>
<symbol> ; </symbol>
<keyword> let </keyword>
<identifier> exit </identifier>
<symbol> = </symbol>
<keyword> false </keyword>
<symbol> ; </symbol>
<keyword> while </keyword>
<symbol> ( </symbol>
<symbol> ~ </symbol>
<identifier> exit </identifier>
<symbol> ) </symbol>
<symbol> { </symbol>
<symbol> / </symbol>
<keyword> while </keyword>
<symbol> ( </symbol>
<identifier> key </identifier>
<symbol> = </symbol>
<stringConstant> 0 </stringConstant>
<symbol> ) </symbol>
<symbol> { </symbol>
<keyword> let </keyword>
<identifier> key </identifier>
<symbol> = </symbol>
<identifier> Keyboard </identifier>
<symbol> . </symbol>
<identifier> keyPressed </identifier>
<symbol> ( </symbol>
<symbol> ) </symbol>
<symbol> ; </symbol>
<keyword> do </keyword>
<identifier> moveSquare </identifier>
<symbol> ( </symbol>
<symbol> ) </symbol>
<symbol> ; </symbol>
<symbol> } </symbol>
<keyword> if </keyword>
<symbol> ( </symbol>
<identifier> key </identifier>
<symbol> = </symbol>
<stringConstant> 81 </stringConstant>
<symbol> ) </symbol>
<symbol> { </symbol>
<keyword> let </keyword>
<identifier> exit </identifier>
<symbol> = </symbol>
<keyword> true </keyword>
<symbol> ; </symbol>
<symbol> } </symbol>
<keyword> if </keyword>
<symbol> ( </symbol>
<identifier> key </identifier>
<symbol> = </symbol>
<stringConstant> 90 </stringConstant>
<symbol> ) </symbol>
<symbol> { </symbol>
<keyword> do </keyword>
<identifier> square </identifier>
<symbol> . </symbol>
<identifier> decSize </identifier>
<symbol> ( </symbol>
<symbol> ) </symbol>
<symbol> ; </symbol>
<symbol> } </symbol>
<keyword> if </keyword>
<symbol> ( </symbol>
<identifier> key </identifier>
<symbol> = </symbol>
<stringConstant> 88 </stringConstant>
<symbol> ) </symbol>
<symbol> { </symbol>
<keyword> do </keyword>
<identifier> square </identifier>
<symbol> . </symbol>
<identifier> incSize </identifier>
<symbol> ( </symbol>
<symbol> ) </symbol>
<symbol> ; </symbol>
<symbol> } </symbol>
<keyword> if </keyword>
<symbol> ( </symbol>
<identifier> key </identifier>
<symbol> = </symbol>
<stringConstant> 131 </stringConstant>
<symbol> ) </symbol>
<symbol> { </symbol>
<keyword> let </keyword>
<identifier> direction </identifier>
<symbol> = </symbol>
<stringConstant> 1 </stringConstant>
<symbol> ; </symbol>
<symbol> } </symbol>
<keyword> if </keyword>
<symbol> ( </symbol>
<identifier> key </identifier>
<symbol> = </symbol>
<stringConstant> 133 </stringConstant>
<symbol> ) </symbol>
<symbol> { </symbol>
<keyword> let </keyword>
<identifier> direction </identifier>
<symbol> = </symbol>
<stringConstant> 2 </stringConstant>
<symbol> ; </symbol>
<symbol> } </symbol>
<keyword> if </keyword>
<symbol> ( </symbol>
<identifier> key </identifier>
<symbol> = </symbol>
<stringConstant> 130 </stringConstant>
<symbol> ) </symbol>
<symbol> { </symbol>
<keyword> let </keyword>
<identifier> direction </identifier>
<symbol> = </symbol>
<stringConstant> 3 </stringConstant>
<symbol> ; </symbol>
<symbol> } </symbol>
<keyword> if </keyword>
<symbol> ( </symbol>
<identifier> key </identifier>
<symbol> = </symbol>
<stringConstant> 132 </stringConstant>
<symbol> ) </symbol>
<symbol> { </symbol>
<keyword> let </keyword>
<identifier> direction </identifier>
<symbol> = </symbol>
<stringConstant> 4 </stringConstant>
<symbol> ; </symbol>
<symbol> } </symbol>
<symbol> / </symbol>
<keyword> while </keyword>
<symbol> ( </symbol>
<symbol> ~ </symbol>
<symbol> ( </symbol>
<identifier> key </identifier>
<symbol> = </symbol>
<stringConstant> 0 </stringConstant>
<symbol> ) </symbol>
<symbol> ) </symbol>
<symbol> { </symbol>
<keyword> let </keyword>
<identifier> key </identifier>
<symbol> = </symbol>
<identifier> Keyboard </identifier>
<symbol> . </symbol>
<identifier> keyPressed </identifier>
<symbol> ( </symbol>
<symbol> ) </symbol>
<symbol> ; </symbol>
<keyword> do </keyword>
<identifier> moveSquare </identifier>
<symbol> ( </symbol>
<symbol> ) </symbol>
<symbol> ; </symbol>
<symbol> } </symbol>
<symbol> } </symbol>
<keyword> return </keyword>
<symbol> ; </symbol>
<symbol> } </symbol>
<keyword> method </keyword>
<keyword> void </keyword>
<identifier> moveSquare </identifier>
<symbol> ( </symbol>
<symbol> ) </symbol>
<symbol> { </symbol>
<keyword> if </keyword>
<symbol> ( </symbol>
<identifier> direction </identifier>
<symbol> = </symbol>
<stringConstant> 1 </stringConstant>
<symbol> ) </symbol>
<symbol> { </symbol>
<keyword> do </keyword>
<identifier> square </identifier>
<symbol> . </symbol>
<identifier> moveUp </identifier>
<symbol> ( </symbol>
<symbol> ) </symbol>
<symbol> ; </symbol>
<symbol> } </symbol>
<keyword> if </keyword>
<symbol> ( </symbol>
<identifier> direction </identifier>
<symbol> = </symbol>
<stringConstant> 2 </stringConstant>
<symbol> ) </symbol>
<symbol> { </symbol>
<keyword> do </keyword>
<identifier> square </identifier>
<symbol> . </symbol>
<identifier> moveDown </identifier>
<symbol> ( </symbol>
<symbol> ) </symbol>
<symbol> ; </symbol>
<symbol> } </symbol>
<keyword> if </keyword>
<symbol> ( </symbol>
<identifier> direction </identifier>
<symbol> = </symbol>
<stringConstant> 3 </stringConstant>
<symbol> ) </symbol>
<symbol> { </symbol>
<keyword> do </keyword>
<identifier> square </identifier>
<symbol> . </symbol>
<identifier> moveLeft </identifier>
<symbol> ( </symbol>
<symbol> ) </symbol>
<symbol> ; </symbol>
<symbol> } </symbol>
<keyword> if </keyword>
<symbol> ( </symbol>
<identifier> direction </identifier>
<symbol> = </symbol>
<stringConstant> 4 </stringConstant>
<symbol> ) </symbol>
<symbol> { </symbol>
<keyword> do </keyword>
<identifier> square </identifier>
<symbol> . </symbol>
<identifier> moveRight </identifier>
<symbol> ( </symbol>
<symbol> ) </symbol>
<symbol> ; </symbol>
<symbol> } </symbol>
<keyword> do </keyword>
<identifier> Sys </identifier>
<symbol> . </symbol>
<identifier> wait </identifier>
<symbol> ( </symbol>
<stringConstant> 5 </stringConstant>
<symbol> ) </symbol>
<symbol> ; </symbol>
<symbol> / </symbol>
<keyword> return </keyword>
<symbol> ; </symbol>
<symbol> } </symbol>
<symbol> } </symbol>
<keyword> class </keyword>
<identifier> Square </identifier>
<symbol> { </symbol>
<symbol> / </symbol>
<keyword> field </keyword>
<keyword> int </keyword>
<identifier> x </identifier>
<symbol> , </symbol>
<identifier> y </identifier>
<symbol> ; </symbol>
<symbol> / </symbol>
<keyword> field </keyword>
<keyword> int </keyword>
<identifier> size </identifier>
<symbol> ; </symbol>
<keyword> constructor </keyword>
<identifier> Square </identifier>
<identifier> new </identifier>
<symbol> ( </symbol>
<keyword> int </keyword>
<identifier> Ax </identifier>
<symbol> , </symbol>
<keyword> int </keyword>
<identifier> Ay </identifier>
<symbol> , </symbol>
<keyword> int </keyword>
<identifier> Asize </identifier>
<symbol> ) </symbol>
<symbol> { </symbol>
<keyword> let </keyword>
<identifier> x </identifier>
<symbol> = </symbol>
<identifier> Ax </identifier>
<symbol> ; </symbol>
<keyword> let </keyword>
<identifier> y </identifier>
<symbol> = </symbol>
<identifier> Ay </identifier>
<symbol> ; </symbol>
<keyword> let </keyword>
<identifier> size </identifier>
<symbol> = </symbol>
<identifier> Asize </identifier>
<symbol> ; </symbol>
<keyword> do </keyword>
<identifier> draw </identifier>
<symbol> ( </symbol>
<symbol> ) </symbol>
<symbol> ; </symbol>
<keyword> return </keyword>
<keyword> this </keyword>
<symbol> ; </symbol>
<symbol> } </symbol>
<keyword> method </keyword>
<keyword> void </keyword>
<identifier> dispose </identifier>
<symbol> ( </symbol>
<symbol> ) </symbol>
<symbol> { </symbol>
<keyword> do </keyword>
<identifier> Memory </identifier>
<symbol> . </symbol>
<identifier> deAlloc </identifier>
<symbol> ( </symbol>
<keyword> this </keyword>
<symbol> ) </symbol>
<symbol> ; </symbol>
<keyword> return </keyword>
<symbol> ; </symbol>
<symbol> } </symbol>
<keyword> method </keyword>
<keyword> void </keyword>
<identifier> draw </identifier>
<symbol> ( </symbol>
<symbol> ) </symbol>
<symbol> { </symbol>
<keyword> do </keyword>
<identifier> Screen </identifier>
<symbol> . </symbol>
<identifier> setColor </identifier>
<symbol> ( </symbol>
<keyword> true </keyword>
<symbol> ) </symbol>
<symbol> ; </symbol>
<keyword> do </keyword>
<identifier> Screen </identifier>
<symbol> . </symbol>
<identifier> drawRectangle </identifier>
<symbol> ( </symbol>
<identifier> x </identifier>
<symbol> , </symbol>
<identifier> y </identifier>
<symbol> , </symbol>
<identifier> x </identifier>
<symbol> + </symbol>
<identifier> size </identifier>
<symbol> , </symbol>
<identifier> y </identifier>
<symbol> + </symbol>
<identifier> size </identifier>
<symbol> ) </symbol>
<symbol> ; </symbol>
<keyword> return </keyword>
<symbol> ; </symbol>
<symbol> } </symbol>
<keyword> method </keyword>
<keyword> void </keyword>
<identifier> erase </identifier>
<symbol> ( </symbol>
<symbol> ) </symbol>
<symbol> { </symbol>
<keyword> do </keyword>
<identifier> Screen </identifier>
<symbol> . </symbol>
<identifier> setColor </identifier>
<symbol> ( </symbol>
<keyword> false </keyword>
<symbol> ) </symbol>
<symbol> ; </symbol>
<keyword> do </keyword>
<identifier> Screen </identifier>
<symbol> . </symbol>
<identifier> drawRectangle </identifier>
<symbol> ( </symbol>
<identifier> x </identifier>
<symbol> , </symbol>
<identifier> y </identifier>
<symbol> , </symbol>
<identifier> x </identifier>
<symbol> + </symbol>
<identifier> size </identifier>
<symbol> , </symbol>
<identifier> y </identifier>
<symbol> + </symbol>
<identifier> size </identifier>
<symbol> ) </symbol>
<symbol> ; </symbol>
<keyword> return </keyword>
<symbol> ; </symbol>
<symbol> } </symbol>
<keyword> method </keyword>
<keyword> void </keyword>
<identifier> incSize </identifier>
<symbol> ( </symbol>
<symbol> ) </symbol>
<symbol> { </symbol>
<keyword> if </keyword>
<symbol> ( </symbol>
<symbol> ( </symbol>
<symbol> ( </symbol>
<identifier> y </identifier>
<symbol> + </symbol>
<identifier> size </identifier>
<symbol> ) </symbol>
<symbol> &lt; </symbol>
<stringConstant> 254 </stringConstant>
<symbol> ) </symbol>
<symbol> &amp; </symbol>
<symbol> ( </symbol>
<symbol> ( </symbol>
<identifier> x </identifier>
<symbol> + </symbol>
<identifier> size </identifier>
<symbol> ) </symbol>
<symbol> &lt; </symbol>
<stringConstant> 510 </stringConstant>
<symbol> ) </symbol>
<symbol> ) </symbol>
<symbol> { </symbol>
<keyword> do </keyword>
<identifier> erase </identifier>
<symbol> ( </symbol>
<symbol> ) </symbol>
<symbol> ; </symbol>
<keyword> let </keyword>
<identifier> size </identifier>
<symbol> = </symbol>
<identifier> size </identifier>
<symbol> + </symbol>
<stringConstant> 2 </stringConstant>
<symbol> ; </symbol>
<keyword> do </keyword>
<identifier> draw </identifier>
<symbol> ( </symbol>
<symbol> ) </symbol>
<symbol> ; </symbol>
<symbol> } </symbol>
<keyword> return </keyword>
<symbol> ; </symbol>
<symbol> } </symbol>
<keyword> method </keyword>
<keyword> void </keyword>
<identifier> decSize </identifier>
<symbol> ( </symbol>
<symbol> ) </symbol>
<symbol> { </symbol>
<keyword> if </keyword>
<symbol> ( </symbol>
<identifier> size </identifier>
<symbol> &gt; </symbol>
<stringConstant> 2 </stringConstant>
<symbol> ) </symbol>
<symbol> { </symbol>
<keyword> do </keyword>
<identifier> erase </identifier>
<symbol> ( </symbol>
<symbol> ) </symbol>
<symbol> ; </symbol>
<keyword> let </keyword>
<identifier> size </identifier>
<symbol> = </symbol>
<identifier> size </identifier>
<symbol> - </symbol>
<stringConstant> 2 </stringConstant>
<symbol> ; </symbol>
<keyword> do </keyword>
<identifier> draw </identifier>
<symbol> ( </symbol>
<symbol> ) </symbol>
<symbol> ; </symbol>
<symbol> } </symbol>
<keyword> return </keyword>
<symbol> ; </symbol>
<symbol> } </symbol>
<keyword> method </keyword>
<keyword> void </keyword>
<identifier> moveUp </identifier>
<symbol> ( </symbol>
<symbol> ) </symbol>
<symbol> { </symbol>
<keyword> if </keyword>
<symbol> ( </symbol>
<identifier> y </identifier>
<symbol> &gt; </symbol>
<stringConstant> 1 </stringConstant>
<symbol> ) </symbol>
<symbol> { </symbol>
<keyword> do </keyword>
<identifier> Screen </identifier>
<symbol> . </symbol>
<identifier> setColor </identifier>
<symbol> ( </symbol>
<keyword> false </keyword>
<symbol> ) </symbol>
<symbol> ; </symbol>
<keyword> do </keyword>
<identifier> Screen </identifier>
<symbol> . </symbol>
<identifier> drawRectangle </identifier>
<symbol> ( </symbol>
<identifier> x </identifier>
<symbol> , </symbol>
<symbol> ( </symbol>
<identifier> y </identifier>
<symbol> + </symbol>
<identifier> size </identifier>
<symbol> ) </symbol>
<symbol> - </symbol>
<stringConstant> 1 </stringConstant>
<symbol> , </symbol>
<identifier> x </identifier>
<symbol> + </symbol>
<identifier> size </identifier>
<symbol> , </symbol>
<identifier> y </identifier>
<symbol> + </symbol>
<identifier> size </identifier>
<symbol> ) </symbol>
<symbol> ; </symbol>
<keyword> let </keyword>
<identifier> y </identifier>
<symbol> = </symbol>
<identifier> y </identifier>
<symbol> - </symbol>
<stringConstant> 2 </stringConstant>
<symbol> ; </symbol>
<keyword> do </keyword>
<identifier> Screen </identifier>
<symbol> . </symbol>
<identifier> setColor </identifier>
<symbol> ( </symbol>
<keyword> true </keyword>
<symbol> ) </symbol>
<symbol> ; </symbol>
<keyword> do </keyword>
<identifier> Screen </identifier>
<symbol> . </symbol>
<identifier> drawRectangle </identifier>
<symbol> ( </symbol>
<identifier> x </identifier>
<symbol> , </symbol>
<identifier> y </identifier>
<symbol> , </symbol>
<identifier> x </identifier>
<symbol> + </symbol>
<identifier> size </identifier>
<symbol> , </symbol>
<identifier> y </identifier>
<symbol> + </symbol>
<stringConstant> 1 </stringConstant>
<symbol> ) </symbol>
<symbol> ; </symbol>
<symbol> } </symbol>
<keyword> return </keyword>
<symbol> ; </symbol>
<symbol> } </symbol>
<keyword> method </keyword>
<keyword> void </keyword>
<identifier> moveDown </identifier>
<symbol> ( </symbol>
<symbol> ) </symbol>
<symbol> { </symbol>
<keyword> if </keyword>
<symbol> ( </symbol>
<symbol> ( </symbol>
<identifier> y </identifier>
<symbol> + </symbol>
<identifier> size </identifier>
<symbol> ) </symbol>
<symbol> &lt; </symbol>
<stringConstant> 254 </stringConstant>
<symbol> ) </symbol>
<symbol> { </symbol>
<keyword> do </keyword>
<identifier> Screen </identifier>
<symbol> . </symbol>
<identifier> setColor </identifier>
<symbol> ( </symbol>
<keyword> false </keyword>
<symbol> ) </symbol>
<symbol> ; </symbol>
<keyword> do </keyword>
<identifier> Screen </identifier>
<symbol> . </symbol>
<identifier> drawRectangle </identifier>
<symbol> ( </symbol>
<identifier> x </identifier>
<symbol> , </symbol>
<identifier> y </identifier>
<symbol> , </symbol>
<identifier> x </identifier>
<symbol> + </symbol>
<identifier> size </identifier>
<symbol> , </symbol>
<identifier> y </identifier>
<symbol> + </symbol>
<stringConstant> 1 </stringConstant>
<symbol> ) </symbol>
<symbol> ; </symbol>
<keyword> let </keyword>
<identifier> y </identifier>
<symbol> = </symbol>
<identifier> y </identifier>
<symbol> + </symbol>
<stringConstant> 2 </stringConstant>
<symbol> ; </symbol>
<keyword> do </keyword>
<identifier> Screen </identifier>
<symbol> . </symbol>
<identifier> setColor </identifier>
<symbol> ( </symbol>
<keyword> true </keyword>
<symbol> ) </symbol>
<symbol> ; </symbol>
<keyword> do </keyword>
<identifier> Screen </identifier>
<symbol> . </symbol>
<identifier> drawRectangle </identifier>
<symbol> ( </symbol>
<identifier> x </identifier>
<symbol> , </symbol>
<symbol> ( </symbol>
<identifier> y </identifier>
<symbol> + </symbol>
<identifier> size </identifier>
<symbol> ) </symbol>
<symbol> - </symbol>
<stringConstant> 1 </stringConstant>
<symbol> , </symbol>
<identifier> x </identifier>
<symbol> + </symbol>
<identifier> size </identifier>
<symbol> , </symbol>
<identifier> y </identifier>
<symbol> + </symbol>
<identifier> size </identifier>
<symbol> ) </symbol>
<symbol> ; </symbol>
<symbol> } </symbol>
<keyword> return </keyword>
<symbol> ; </symbol>
<symbol> } </symbol>
<keyword> method </keyword>
<keyword> void </keyword>
<identifier> moveLeft </identifier>
<symbol> ( </symbol>
<symbol> ) </symbol>
<symbol> { </symbol>
<keyword> if </keyword>
<symbol> ( </symbol>
<identifier> x </identifier>
<symbol> &gt; </symbol>
<stringConstant> 1 </stringConstant>
<symbol> ) </symbol>
<symbol> { </symbol>
<keyword> do </keyword>
<identifier> Screen </identifier>
<symbol> . </symbol>
<identifier> setColor </identifier>
<symbol> ( </symbol>
<keyword> false </keyword>
<symbol> ) </symbol>
<symbol> ; </symbol>
<keyword> do </keyword>
<identifier> Screen </identifier>
<symbol> . </symbol>
<identifier> drawRectangle </identifier>
<symbol> ( </symbol>
<symbol> ( </symbol>
<identifier> x </identifier>
<symbol> + </symbol>
<identifier> size </identifier>
<symbol> ) </symbol>
<symbol> - </symbol>
<stringConstant> 1 </stringConstant>
<symbol> , </symbol>
<identifier> y </identifier>
<symbol> , </symbol>
<identifier> x </identifier>
<symbol> + </symbol>
<identifier> size </identifier>
<symbol> , </symbol>
<identifier> y </identifier>
<symbol> + </symbol>
<identifier> size </identifier>
<symbol> ) </symbol>
<symbol> ; </symbol>
<keyword> let </keyword>
<identifier> x </identifier>
<symbol> = </symbol>
<identifier> x </identifier>
<symbol> - </symbol>
<stringConstant> 2 </stringConstant>
<symbol> ; </symbol>
<keyword> do </keyword>
<identifier> Screen </identifier>
<symbol> . </symbol>
<identifier> setColor </identifier>
<symbol> ( </symbol>
<keyword> true </keyword>
<symbol> ) </symbol>
<symbol> ; </symbol>
<keyword> do </keyword>
<identifier> Screen </identifier>
<symbol> . </symbol>
<identifier> drawRectangle </identifier>
<symbol> ( </symbol>
<identifier> x </identifier>
<symbol> , </symbol>
<identifier> y </identifier>
<symbol> , </symbol>
<identifier> x </identifier>
<symbol> + </symbol>
<stringConstant> 1 </stringConstant>
<symbol> , </symbol>
<identifier> y </identifier>
<symbol> + </symbol>
<identifier> size </identifier>
<symbol> ) </symbol>
<symbol> ; </symbol>
<symbol> } </symbol>
<keyword> return </keyword>
<symbol> ; </symbol>
<symbol> } </symbol>
<keyword> method </keyword>
<keyword> void </keyword>
<identifier> moveRight </identifier>
<symbol> ( </symbol>
<symbol> ) </symbol>
<symbol> { </symbol>
<keyword> if </keyword>
<symbol> ( </symbol>
<symbol> ( </symbol>
<identifier> x </identifier>
<symbol> + </symbol>
<identifier> size </identifier>
<symbol> ) </symbol>
<symbol> &lt; </symbol>
<stringConstant> 510 </stringConstant>
<symbol> ) </symbol>
<symbol> { </symbol>
<keyword> do </keyword>
<identifier> Screen </identifier>
<symbol> . </symbol>
<identifier> setColor </identifier>
<symbol> ( </symbol>
<keyword> false </keyword>
<symbol> ) </symbol>
<symbol> ; </symbol>
<keyword> do </keyword>
<identifier> Screen </identifier>
<symbol> . </symbol>
<identifier> drawRectangle </identifier>
<symbol> ( </symbol>
<identifier> x </identifier>
<symbol> , </symbol>
<identifier> y </identifier>
<symbol> , </symbol>
<identifier> x </identifier>
<symbol> + </symbol>
<stringConstant> 1 </stringConstant>
<symbol> , </symbol>
<identifier> y </identifier>
<symbol> + </symbol>
<identifier> size </identifier>
<symbol> ) </symbol>
<symbol> ; </symbol>
<keyword> let </keyword>
<identifier> x </identifier>
<symbol> = </symbol>
<identifier> x </identifier>
<symbol> + </symbol>
<stringConstant> 2 </stringConstant>
<symbol> ; </symbol>
<keyword> do </keyword>
<identifier> Screen </identifier>
<symbol> . </symbol>
<identifier> setColor </identifier>
<symbol> ( </symbol>
<keyword> true </keyword>
<symbol> ) </symbol>
<symbol> ; </symbol>
<keyword> do </keyword>
<identifier> Screen </identifier>
<symbol> . </symbol>
<identifier> drawRectangle </identifier>
<symbol> ( </symbol>
<symbol> ( </symbol>
<identifier> x </identifier>
<symbol> + </symbol>
<identifier> size </identifier>
<symbol> ) </symbol>
<symbol> - </symbol>
<stringConstant> 1 </stringConstant>
<symbol> , </symbol>
<identifier> y </identifier>
<symbol> , </symbol>
<identifier> x </identifier>
<symbol> + </symbol>
<identifier> size </identifier>
<symbol> , </symbol>
<identifier> y </identifier>
<symbol> + </symbol>
<identifier> size </identifier>
<symbol> ) </symbol>
<symbol> ; </symbol>
<symbol> } </symbol>
<keyword> return </keyword>
<symbol> ; </symbol>
<symbol> } </symbol>
<symbol> } </symbol>
<keyword> class </keyword>
<identifier> Main </identifier>
<symbol> { </symbol>
<keyword> function </keyword>
<keyword> void </keyword>
<identifier> main </identifier>
<symbol> ( </symbol>
<symbol> ) </symbol>
<symbol> { </symbol>
<keyword> var </keyword>
<identifier> SquareGame </identifier>
<identifier> game </identifier>
<symbol> ; </symbol>
<keyword> let </keyword>
<identifier> game </identifier>
<symbol> = </symbol>
<identifier> SquareGame </identifier>
<symbol> . </symbol>
<identifier> new </identifier>
<symbol> ( </symbol>
<symbol> ) </symbol>
<symbol> ; </symbol>
<keyword> do </keyword>
<identifier> game </identifier>
<symbol> . </symbol>
<identifier> run </identifier>
<symbol> ( </symbol>
<symbol> ) </symbol>
<symbol> ; </symbol>
<keyword> do </keyword>
<identifier> game </identifier>
<symbol> . </symbol>
<identifier> dispose </identifier>
<symbol> ( </symbol>
<symbol> ) </symbol>
<symbol> ; </symbol>
<keyword> return </keyword>
<symbol> ; </symbol>
<symbol> } </symbol>
<symbol> } </symbol>
