<hack>
<A-Instruction>
<address>0</address>
<constant>0</constant>
</A-Instruction>
<A-Instruction>
<address>1</address>
<constant>1639</constant>
</A-Instruction>
<A-Instruction>
<address>2</address>
<constant>3278</constant>
</A-Instruction>
<A-Instruction>
<address>3</address>
<constant>4917</constant>
</A-Instruction>
<A-Instruction>
<address>4</address>
<constant>6556</constant>
</A-Instruction>
<A-Instruction>
<address>5</address>
<constant>8195</constant>
</A-Instruction>
<A-Instruction>
<address>6</address>
<constant>9834</constant>
</A-Instruction>
<A-Instruction>
<address>7</address>
<constant>11473</constant>
</A-Instruction>
<A-Instruction>
<address>8</address>
<constant>13112</constant>
</A-Instruction>
<A-Instruction>
<address>9</address>
<constant>14751</constant>
</A-Instruction>
<A-Instruction>
<address>10</address>
<constant>16390</constant>
</A-Instruction>
<A-Instruction>
<address>11</address>
<constant>18029</constant>
</A-Instruction>
<A-Instruction>
<address>12</address>
<constant>19668</constant>
</A-Instruction>
<A-Instruction>
<address>13</address>
<constant>21307</constant>
</A-Instruction>
<A-Instruction>
<address>14</address>
<constant>22946</constant>
</A-Instruction>
<A-Instruction>
<address>15</address>
<constant>24585</constant>
</A-Instruction>
<A-Instruction>
<address>16</address>
<constant>26224</constant>
</A-Instruction>
<A-Instruction>
<address>17</address>
<constant>27863</constant>
</A-Instruction>
<A-Instruction>
<address>18</address>
<constant>29502</constant>
</A-Instruction>
<A-Instruction>
<address>19</address>
<constant>31141</constant>
</A-Instruction>
<C-Instruction>
<address>20</address>
<comp>0x00</comp>
<dest>000</dest>
<jump>000</jump>
</C-Instruction>
<C-Instruction>
<address>21</address>
<comp>0x01</comp>
<dest>100</dest>
<jump>101</jump>
</C-Instruction>
<C-Instruction>
<address>22</address>
<comp>0x02</comp>
<dest>001</dest>
<jump>010</jump>
</C-Instruction>
<C-Instruction>
<address>23</address>
<comp>0x03</comp>
<dest>101</dest>
<jump>111</jump>
</C-Instruction>
<C-Instruction>
<address>24</address>
<comp>0x04</comp>
<dest>010</dest>
<jump>100</jump>
</C-Instruction>
<C-Instruction>
<address>25</address>
<comp>0x05</comp>
<dest>111</dest>
<jump>001</jump>
</C-Instruction>
<C-Instruction>
<address>26</address>
<comp>0x06</comp>
<dest>011</dest>
<jump>110</jump>
</C-Instruction>
<C-Instruction>
<address>27</address>
<comp>0x07</comp>
<dest>000</dest>
<jump>011</jump>
</C-Instruction>
<C-Instruction>
<address>28</address>
<comp>0x08</comp>
<dest>101</dest>
<jump>000</jump>
</C-Instruction>
<C-Instruction>
<address>29</address>
<comp>0x09</comp>
<dest>001</dest>
<jump>101</jump>
</C-Instruction>
<C-Instruction>
<address>30</address>
<comp>0x0A</comp>
<dest>110</dest>
<jump>010</jump>
</C-Instruction>
<C-Instruction>
<address>31</address>
<comp>0x0B</comp>
<dest>010</dest>
<jump>111</jump>
</C-Instruction>
<C-Instruction>
<address>32</address>
<comp>0x0C</comp>
<dest>111</dest>
<jump>100</jump>
</C-Instruction>
<C-Instruction>
<address>33</address>
<comp>0x0D</comp>
<dest>100</dest>
<jump>001</jump>
</C-Instruction>
<C-Instruction>
<address>34</address>
<comp>0x0E</comp>
<dest>000</dest>
<jump>110</jump>
</C-Instruction>
<C-Instruction>
<address>35</address>
<comp>0x0F</comp>
<dest>101</dest>
<jump>011</jump>
</C-Instruction>
<C-Instruction>
<address>36</address>
<comp>0x10</comp>
<dest>010</dest>
<jump>000</jump>
</C-Instruction>
<C-Instruction>
<address>37</address>
<comp>0x11</comp>
<dest>110</dest>
<jump>101</jump>
</C-Instruction>
<C-Instruction>
<address>38</address>
<comp>0x12</comp>
<dest>011</dest>
<jump>010</jump>
</C-Instruction>
<C-Instruction>
<address>39</address>
<comp>0x13</comp>
<dest>111</dest>
<jump>111</jump>
</C-Instruction>
<C-Instruction>
<address>40</address>
<comp>0x14</comp>
<dest>100</dest>
<jump>100</jump>
</C-Instruction>
<C-Instruction>
<address>41</address>
<comp>0x15</comp>
<dest>001</dest>
<jump>001</jump>
</C-Instruction>
<C-Instruction>
<address>42</address>
<comp>0x16</comp>
<dest>101</dest>
<jump>110</jump>
</C-Instruction>
<C-Instruction>
<address>43</address>
<comp>0x17</comp>
<dest>010</dest>
<jump>011</jump>
</C-Instruction>
<C-Instruction>
<address>44</address>
<comp>0x18</comp>
<dest>111</dest>
<jump>000</jump>
</C-Instruction>
<C-Instruction>
<address>45</address>
<comp>0x19</comp>
<dest>011</dest>
<jump>101</jump>
</C-Instruction>
<C-Instruction>
<address>46</address>
<comp>0x1A</comp>
<dest>000</dest>
<jump>010</jump>
</C-Instruction>
<C-Instruction>
<address>47</address>
<comp>0x1B</comp>
<dest>100</dest>
<jump>111</jump>
</C-Instruction>
<C-Instruction>
<address>48</address>
<comp>0x1C</comp>
<dest>001</dest>
<jump>100</jump>
</C-Instruction>
<C-Instruction>
<address>49</address>
<comp>0x1D</comp>
<dest>110</dest>
<jump>001</jump>
</C-Instruction>
<C-Instruction>
<address>50</address>
<comp>0x1E</comp>
<dest>010</dest>
<jump>110</jump>
</C-Instruction>
<C-Instruction>
<address>51</address>
<comp>0x1F</comp>
<dest>111</dest>
<jump>011</jump>
</C-Instruction>
<C-Instruction>
<address>52</address>
<comp>0x20</comp>
<dest>100</dest>
<jump>000</jump>
</C-Instruction>
<C-Instruction>
<address>53</address>
<comp>0x21</comp>
<dest>000</dest>
<jump>101</jump>
</C-Instruction>
<C-Instruction>
<address>54</address>
<comp>0x22</comp>
<dest>101</dest>
<jump>010</jump>
</C-Instruction>
<C-Instruction>
<address>55</address>
<comp>0x23</comp>
<dest>001</dest>
<jump>111</jump>
</C-Instruction>
<C-Instruction>
<address>56</address>
<comp>0x24</comp>
<dest>110</dest>
<jump>100</jump>
</C-Instruction>
<C-Instruction>
<address>57</address>
<comp>0x25</comp>
<dest>011</dest>
<jump>001</jump>
</C-Instruction>
<C-Instruction>
<address>58</address>
<comp>0x26</comp>
<dest>111</dest>
<jump>110</jump>
</C-Instruction>
<C-Instruction>
<address>59</address>
<comp>0x27</comp>
<dest>100</dest>
<jump>011</jump>
</C-Instruction>
<C-Instruction>
<address>60</address>
<comp>0x28</comp>
<dest>001</dest>
<jump>000</jump>
</C-Instruction>
<C-Instruction>
<address>61</address>
<comp>0x29</comp>
<dest>101</dest>
<jump>101</jump>
</C-Instruction>
<C-Instruction>
<address>62</address>
<comp>0x2A</comp>
<dest>010</dest>
<jump>010</jump>
</C-Instruction>
<C-Instruction>
<address>63</address>
<comp>0x2B</comp>
<dest>110</dest>
<jump>111</jump>
</C-Instruction>
<C-Instruction>
<address>64</address>
<comp>0x2C</comp>
<dest>011</dest>
<jump>100</jump>
</C-Instruction>
<C-Instruction>
<address>65</address>
<comp>0x2D</comp>
<dest>000</dest>
<jump>001</jump>
</C-Instruction>
<C-Instruction>
<address>66</address>
<comp>0x2E</comp>
<dest>100</dest>
<jump>110</jump>
</C-Instruction>
<C-Instruction>
<address>67</address>
<comp>0x2F</comp>
<dest>001</dest>
<jump>011</jump>
</C-Instruction>
<C-Instruction>
<address>68</address>
<comp>0x30</comp>
<dest>110</dest>
<jump>000</jump>
</C-Instruction>
<C-Instruction>
<address>69</address>
<comp>0x31</comp>
<dest>010</dest>
<jump>101</jump>
</C-Instruction>
<C-Instruction>
<address>70</address>
<comp>0x32</comp>
<dest>111</dest>
<jump>010</jump>
</C-Instruction>
<C-Instruction>
<address>71</address>
<comp>0x33</comp>
<dest>011</dest>
<jump>111</jump>
</C-Instruction>
<C-Instruction>
<address>72</address>
<comp>0x34</comp>
<dest>000</dest>
<jump>100</jump>
</C-Instruction>
<C-Instruction>
<address>73</address>
<comp>0x35</comp>
<dest>101</dest>
<jump>001</jump>
</C-Instruction>
<C-Instruction>
<address>74</address>
<comp>0x36</comp>
<dest>001</dest>
<jump>110</jump>
</C-Instruction>
<C-Instruction>
<address>75</address>
<comp>0x37</comp>
<dest>110</dest>
<jump>011</jump>
</C-Instruction>
<C-Instruction>
<address>76</address>
<comp>0x38</comp>
<dest>011</dest>
<jump>000</jump>
</C-Instruction>
<C-Instruction>
<address>77</address>
<comp>0x39</comp>
<dest>111</dest>
<jump>101</jump>
</C-Instruction>
<C-Instruction>
<address>78</address>
<comp>0x3A</comp>
<dest>100</dest>
<jump>010</jump>
</C-Instruction>
<C-Instruction>
<address>79</address>
<comp>0x3B</comp>
<dest>000</dest>
<jump>111</jump>
</C-Instruction>
<C-Instruction>
<address>80</address>
<comp>0x3C</comp>
<dest>101</dest>
<jump>100</jump>
</C-Instruction>
<C-Instruction>
<address>81</address>
<comp>0x3D</comp>
<dest>010</dest>
<jump>001</jump>
</C-Instruction>
<C-Instruction>
<address>82</address>
<comp>0x3E</comp>
<dest>110</dest>
<jump>110</jump>
</C-Instruction>
<C-Instruction>
<address>83</address>
<comp>0x3F</comp>
<dest>011</dest>
<jump>011</jump>
</C-Instruction>
<C-Instruction>
<address>84</address>
<comp>0x40</comp>
<dest>000</dest>
<jump>000</jump>
</C-Instruction>
<C-Instruction>
<address>85</address>
<comp>0x41</comp>
<dest>100</dest>
<jump>101</jump>
</C-Instruction>
<C-Instruction>
<address>86</address>
<comp>0x42</comp>
<dest>001</dest>
<jump>010</jump>
</C-Instruction>
<C-Instruction>
<address>87</address>
<comp>0x43</comp>
<dest>101</dest>
<jump>111</jump>
</C-Instruction>
<C-Instruction>
<address>88</address>
<comp>0x44</comp>
<dest>010</dest>
<jump>100</jump>
</C-Instruction>
<C-Instruction>
<address>89</address>
<comp>0x45</comp>
<dest>111</dest>
<jump>001</jump>
</C-Instruction>
<C-Instruction>
<address>90</address>
<comp>0x46</comp>
<dest>011</dest>
<jump>110</jump>
</C-Instruction>
<C-Instruction>
<address>91</address>
<comp>0x47</comp>
<dest>000</dest>
<jump>011</jump>
</C-Instruction>
<C-Instruction>
<address>92</address>
<comp>0x48</comp>
<dest>101</dest>
<jump>000</jump>
</C-Instruction>
<C-Instruction>
<address>93</address>
<comp>0x49</comp>
<dest>001</dest>
<jump>101</jump>
</C-Instruction>
<C-Instruction>
<address>94</address>
<comp>0x4A</comp>
<dest>110</dest>
<jump>010</jump>
</C-Instruction>
<C-Instruction>
<address>95</address>
<comp>0x4B</comp>
<dest>010</dest>
<jump>111</jump>
</C-Instruction>
<C-Instruction>
<address>96</address>
<comp>0x4C</comp>
<dest>111</dest>
<jump>100</jump>
</C-Instruction>
<C-Instruction>
<address>97</address>
<comp>0x4D</comp>
<dest>100</dest>
<jump>001</jump>
</C-Instruction>
<C-Instruction>
<address>98</address>
<comp>0x4E</comp>
<dest>000</dest>
<jump>110</jump>
</C-Instruction>
<C-Instruction>
<address>99</address>
<comp>0x4F</comp>
<dest>101</dest>
<jump>011</jump>
</C-Instruction>
<C-Instruction>
<address>100</address>
<comp>0x50</comp>
<dest>010</dest>
<jump>000</jump>
</C-Instruction>
<C-Instruction>
<address>101</address>
<comp>0x51</comp>
<dest>110</dest>
<jump>101</jump>
</C-Instruction>
<C-Instruction>
<address>102</address>
<comp>0x52</comp>
<dest>011</dest>
<jump>010</jump>
</C-Instruction>
<C-Instruction>
<address>103</address>
<comp>0x53</comp>
<dest>111</dest>
<jump>111</jump>
</C-Instruction>
<C-Instruction>
<address>104</address>
<comp>0x54</comp>
<dest>100</dest>
<jump>100</jump>
</C-Instruction>
<C-Instruction>
<address>105</address>
<comp>0x55</comp>
<dest>001</dest>
<jump>001</jump>
</C-Instruction>
<C-Instruction>
<address>106</address>
<comp>0x56</comp>
<dest>101</dest>
<jump>110</jump>
</C-Instruction>
<C-Instruction>
<address>107</address>
<comp>0x57</comp>
<dest>010</dest>
<jump>011</jump>
</C-Instruction>
<C-Instruction>
<address>108</address>
<comp>0x58</comp>
<dest>111</dest>
<jump>000</jump>
</C-Instruction>
<C-Instruction>
<address>109</address>
<comp>0x59</comp>
<dest>011</dest>
<jump>101</jump>
</C-Instruction>
<C-Instruction>
<address>110</address>
<comp>0x5A</comp>
<dest>000</dest>
<jump>010</jump>
</C-Instruction>
<C-Instruction>
<address>111</address>
<comp>0x5B</comp>
<dest>100</dest>
<jump>111</jump>
</C-Instruction>
<C-Instruction>
<address>112</address>
<comp>0x5C</comp>
<dest>001</dest>
<jump>100</jump>
</C-Instruction>
<C-Instruction>
<address>113</address>
<comp>0x5D</comp>
<dest>110</dest>
<jump>001</jump>
</C-Instruction>
<C-Instruction>
<address>114</address>
<comp>0x5E</comp>
<dest>010</dest>
<jump>110</jump>
</C-Instruction>
<C-Instruction>
<address>115</address>
<comp>0x5F</comp>
<dest>111</dest>
<jump>011</jump>
</C-Instruction>
<C-Instruction>
<address>116</address>
<comp>0x60</comp>
<dest>100</dest>
<jump>000</jump>
</C-Instruction>
<C-Instruction>
<address>117</address>
<comp>0x61</comp>
<dest>000</dest>
<jump>101</jump>
</C-Instruction>
<C-Instruction>
<address>118</address>
<comp>0x62</comp>
<dest>101</dest>
<jump>010</jump>
</C-Instruction>
<C-Instruction>
<address>119</address>
<comp>0x63</comp>
<dest>001</dest>
<jump>111</jump>
</C-Instruction>
<C-Instruction>
<address>120</address>
<comp>0x64</comp>
<dest>110</dest>
<jump>100</jump>
</C-Instruction>
<C-Instruction>
<address>121</address>
<comp>0x65</comp>
<dest>011</dest>
<jump>001</jump>
</C-Instruction>
<C-Instruction>
<address>122</address>
<comp>0x66</comp>
<dest>111</dest>
<jump>110</jump>
</C-Instruction>
<C-Instruction>
<address>123</address>
<comp>0x67</comp>
<dest>100</dest>
<jump>011</jump>
</C-Instruction>
<C-Instruction>
<address>124</address>
<comp>0x68</comp>
<dest>001</dest>
<jump>000</jump>
</C-Instruction>
<C-Instruction>
<address>125</address>
<comp>0x69</comp>
<dest>101</dest>
<jump>101</jump>
</C-Instruction>
<C-Instruction>
<address>126</address>
<comp>0x6A</comp>
<dest>010</dest>
<jump>010</jump>
</C-Instruction>
<C-Instruction>
<address>127</address>
<comp>0x6B</comp>
<dest>110</dest>
<jump>111</jump>
</C-Instruction>
<C-Instruction>
<address>128</address>
<comp>0x6C</comp>
<dest>011</dest>
<jump>100</jump>
</C-Instruction>
<C-Instruction>
<address>129</address>
<comp>0x6D</comp>
<dest>000</dest>
<jump>001</jump>
</C-Instruction>
<C-Instruction>
<address>130</address>
<comp>0x6E</comp>
<dest>100</dest>
<jump>110</jump>
</C-Instruction>
<C-Instruction>
<address>131</address>
<comp>0x6F</comp>
<dest>001</dest>
<jump>011</jump>
</C-Instruction>
<C-Instruction>
<address>132</address>
<comp>0x70</comp>
<dest>110</dest>
<jump>000</jump>
</C-Instruction>
<C-Instruction>
<address>133</address>
<comp>0x71</comp>
<dest>010</dest>
<jump>101</jump>
</C-Instruction>
<C-Instruction>
<address>134</address>
<comp>0x72</comp>
<dest>111</dest>
<jump>010</jump>
</C-Instruction>
<C-Instruction>
<address>135</address>
<comp>0x73</comp>
<dest>011</dest>
<jump>111</jump>
</C-Instruction>
<C-Instruction>
<address>136</address>
<comp>0x74</comp>
<dest>000</dest>
<jump>100</jump>
</C-Instruction>
<C-Instruction>
<address>137</address>
<comp>0x75</comp>
<dest>101</dest>
<jump>001</jump>
</C-Instruction>
<C-Instruction>
<address>138</address>
<comp>0x76</comp>
<dest>001</dest>
<jump>110</jump>
</C-Instruction>
<C-Instruction>
<address>139</address>
<comp>0x77</comp>
<dest>110</dest>
<jump>011</jump>
</C-Instruction>
<C-Instruction>
<address>140</address>
<comp>0x78</comp>
<dest>011</dest>
<jump>000</jump>
</C-Instruction>
<C-Instruction>
<address>141</address>
<comp>0x79</comp>
<dest>111</dest>
<jump>101</jump>
</C-Instruction>
<C-Instruction>
<address>142</address>
<comp>0x7A</comp>
<dest>100</dest>
<jump>010</jump>
</C-Instruction>
<C-Instruction>
<address>143</address>
<comp>0x7B</comp>
<dest>000</dest>
<jump>111</jump>
</C-Instruction>
<C-Instruction>
<address>144</address>
<comp>0x7C</comp>
<dest>101</dest>
<jump>100</jump>
</C-Instruction>
<C-Instruction>
<address>145</address>
<comp>0x7D</comp>
<dest>010</dest>
<jump>001</jump>
</C-Instruction>
<C-Instruction>
<address>146</address>
<comp>0x7E</comp>
<dest>110</dest>
<jump>110</jump>
</C-Instruction>
<C-Instruction>
<address>147</address>
<comp>0x7F</comp>
<dest>011</dest>
<jump>011</jump>
</C-Instruction>
</hack>
