<hack>
<A-Instruction>
<address>0</address>
<constant>2</constant>
</A-Instruction>
<C-Instruction>
<address>1</address>
<comp>0x30</comp>
<dest>010</dest>
<jump>000</jump>
</C-Instruction>
<A-Instruction>
<address>2</address>
<constant>3</constant>
</A-Instruction>
<C-Instruction>
<address>3</address>
<comp>0x02</comp>
<dest>010</dest>
<jump>000</jump>
</C-Instruction>
<A-Instruction>
<address>4</address>
<constant>0</constant>
</A-Instruction>
<C-Instruction>
<address>5</address>
<comp>0x0C</comp>
<dest>001</dest>
<jump>000</jump>
</C-Instruction>
</hack>